id,name
1,Myrtia
2,Nathanil
3,Joni
4,Prentice
5,Claudette
6,Obed
7,Bryna
8,Cati
9,Marilyn
10,Anni
11,Bibby
12,Teresita
13,Ingmar
14,Adriena
15,Gavrielle
16,Susan
17,Beverley
18,Andrea
19,Tani
20,Ardith
21,Herve
22,Storm
23,Carl
24,Joelly
25,Kevon
26,Emlen
27,Bennett
28,Jud
29,Mariette
30,Lethia
31,Sullivan
32,Veronique
33,Denny
34,Brucie
35,Emmy
36,Charleen
37,Francisca
38,Sandro
39,Craig
40,Halsy
41,Aeriela
42,Peadar
43,Abigael
44,Clio
45,Mischa
46,Christine
47,Cosme
48,Hal
49,Abra
50,Sergio
51,Tommi
52,Nan
53,Bibby
54,Russ
55,Hercule
56,Muhammad
57,Lemar
58,Jessee
59,Bastian
60,Alika
61,Pearle
62,Rosalyn
63,Jabez
64,Kinsley
65,Stephan
66,Anatol
67,Joanna
68,Marnia
69,Ninnetta
70,Hersch
71,Derward
72,Georgianna
73,Leroi
74,Sidney
75,Ludvig
76,Nickey
77,Christiana
78,Monika
79,Octavius
80,Delphine
81,Nelli
82,Laraine
83,Leia
84,Fransisco
85,Kippy
86,Toiboid
87,Garth
88,Jase
89,Kikelia
90,Dalston
91,Cordie
92,Jacquenetta
93,Katina
94,Fair
95,Kain
96,Antoni
97,Cherish
98,Jorrie
99,Jodie
100,Silvano
101,Lani
102,Blancha
103,Lorianne
104,Dar
105,Flem
106,Cynthie
107,Valentine
108,Winston
109,Gregorio
110,Jeffie
111,Jdavie
112,Auria
113,Fernande
114,Darrick
115,Emylee
116,Sallie
117,Devina
118,Deeann
119,Missy
120,Yankee
121,Vina
122,Chris
123,Angel
124,Hadrian
125,Tod
126,Annie
127,Boyd
128,Fonsie
129,Drusie
130,Ruth
131,Siana
132,Noach
133,Mack
134,Alysa
135,Antone
136,Trixy
137,Ash
138,Linn
139,Britni
140,Malena
141,Elora
142,Vail
143,Gaylene
144,Guillema
145,Ricky
146,Melony
147,Donny
148,Chancey
149,Gaby
150,Oberon
151,Boyce
152,Hewe
153,Janela
154,Florette
155,Roosevelt
156,Erick
157,Chevy
158,Aubrey
159,Calvin
160,Cody
161,Brian
162,Bryana
163,Hyacinthe
164,Aindrea
165,Dulcea
166,Beau
167,Che
168,Georgine
169,Helga
170,Carola
171,Innis
172,Nissa
173,Blayne
174,Barnie
175,Marga
176,Damita
177,Burton
178,Chevalier
179,Cordelie
180,Augy
181,Marge
182,Valle
183,Angy
184,Manuel
185,Aggy
186,Reagen
187,Rube
188,Washington
189,Kliment
190,Karia
191,Flossie
192,Marin
193,Brit
194,Orelle
195,Jarrod
196,Ronna
197,Giraud
198,Nike
199,Rosene
200,Randolf
201,Valery
202,Onofredo
203,Nanci
204,Joseito
205,Marie-jeanne
206,Odell
207,Berkly
208,Marje
209,Oneida
210,Karyl
211,Avictor
212,Guilbert
213,Reginauld
214,Salome
215,Fons
216,Stanford
217,Teddy
218,Fergus
219,Gilbertine
220,Cindie
221,Dino
222,Neda
223,Iorgo
224,Rad
225,Grange
226,Edsel
227,Mollie
228,Bernelle
229,Ramon
230,Stacy
231,Humfried
232,Jakob
233,Loralie
234,Katuscha
235,Jeramie
236,Milzie
237,Lilli
238,Gizela
239,Enriqueta
240,Kitti
241,Ulrika
242,Claudine
243,Patsy
244,Michelle
245,Yoko
246,Andrey
247,Caterina
248,Ruthe
249,Zulema
250,Lothaire
251,Killian
252,Joye
253,Irina
254,Stephani
255,Sibel
256,Bronny
257,Melisenda
258,Isidro
259,Dreddy
260,Gabrila
261,Mallissa
262,Kinnie
263,Gerry
264,Gerladina
265,Chere
266,Brunhilde
267,Talya
268,Ilysa
269,Trstram
270,Lewes
271,Alvy
272,Forrester
273,Modestia
274,Adelle
275,Farica
276,Livia
277,Aksel
278,Hersh
279,Petra
280,Estelle
281,Hersh
282,Marlo
283,Elsey
284,Lauryn
285,Vaclav
286,Bridgette
287,Arin
288,Pepito
289,Dory
290,Deny
291,Malia
292,Lucas
293,Karyn
294,Adorne
295,Renelle
296,Fredia
297,Justis
298,Lexis
299,Vivian
300,Vladamir
301,Bay
302,Claudius
303,Angelo
304,Sandi
305,Alyson
306,Val
307,Jackie
308,Marrilee
309,Belva
310,Edita
311,Halie
312,Tarah
313,Lethia
314,Rozina
315,Esma
316,Rhea
317,Jordana
318,Torey
319,Othelia
320,Monique
321,Garrot
322,Cyndie
323,Brooks
324,Savina
325,Cece
326,Morna
327,Forester
328,Paul
329,Edgar
330,Lemmy
331,Dillie
332,Eilis
333,Rosalia
334,Roderick
335,Deanna
336,Nathanael
337,Faulkner
338,Graig
339,Elianora
340,Bree
341,Jammal
342,Madelle
343,Ulric
344,Bathsheba
345,Cosimo
346,Nomi
347,Sherwynd
348,Gallagher
349,Fonz
350,Daryl
351,Moe
352,Rochette
353,Keir
354,Kiley
355,Dasi
356,Josiah
357,Skippy
358,Albertine
359,Reinold
360,Marjorie
361,Tabor
362,Agneta
363,Odelle
364,Jacquelynn
365,Karol
366,Geralda
367,Teddy
368,Marcia
369,Idette
370,Charline
371,Wilma
372,Nissy
373,Nicolea
374,Bryon
375,Inglebert
376,Agnesse
377,Ruthanne
378,Cheryl
379,Alexa
380,Emlyn
381,Ford
382,Lucian
383,Jerrine
384,Balduin
385,Leopold
386,Fielding
387,Bearnard
388,Janot
389,Clint
390,Abbey
391,Curtis
392,Meier
393,Katlin
394,Grange
395,Fernande
396,Ernaline
397,Othelia
398,Phillis
399,Wynn
400,Hamlin
401,Enrika
402,Babb
403,Rhiamon
404,Rochester
405,Izaak
406,Lucais
407,Sophi
408,Alta
409,Maryanne
410,Wynny
411,Marlena
412,Mill
413,Raff
414,Jessika
415,Lana
416,Nat
417,Elvera
418,Wilfrid
419,Ines
420,Horton
421,Pasquale
422,Wes
423,Christalle
424,Guenevere
425,Dex
426,Hart
427,Ginni
428,Jayme
429,Joanne
430,Ebba
431,Calhoun
432,Roseanna
433,Dana
434,Goldi
435,Kathleen
436,Kala
437,Sunshine
438,Marleah
439,Thom
440,Gusti
441,Elenore
442,Diannne
443,Livvy
444,Veronica
445,Jeremiah
446,Renell
447,Goldie
448,Roz
449,Lev
450,Brita
451,Kerk
452,El
453,Melli
454,Douglas
455,Sergeant
456,Trent
457,Jonas
458,Garrek
459,Sid
460,Matias
461,Laina
462,Gaynor
463,Harriett
464,Garold
465,Ceciley
466,Elijah
467,Pyotr
468,Pasquale
469,Ike
470,Bordy
471,Amandy
472,Bartie
473,Noella
474,Andrus
475,Any
476,Cecily
477,Adolpho
478,Guss
479,Temp
480,Sheeree
481,Tobie
482,Merci
483,Kipp
484,Waldon
485,Darcy
486,Allene
487,Cam
488,Ewart
489,Aliza
490,Gerda
491,Phyllida
492,Hanan
493,Barbey
494,Arnold
495,Garfield
496,Panchito
497,Mara
498,Gilburt
499,Neil
500,Cletus
501,Toma
502,Katrine
503,Marnie
504,Devin
505,Allys
506,Cher
507,Guinevere
508,Wyatan
509,Ginger
510,Veriee
511,Gabbie
512,Bee
513,Elton
514,Hieronymus
515,Matilda
516,Ginni
517,Craig
518,Kenny
519,Dolorita
520,Granthem
521,Theodore
522,Jennine
523,Burnard
524,Joline
525,Nickolai
526,Had
527,Pris
528,Hart
529,Marigold
530,Elaina
531,Coleen
532,Ruthe
533,Bernadine
534,Merrile
535,Nadean
536,Evvy
537,Sharline
538,Sadye
539,Carl
540,Diane
541,Teddi
542,Miof mela
543,Dorie
544,Blondy
545,Jorrie
546,Rodrigo
547,Isa
548,Hadria
549,Elane
550,Ronnica
551,Lula
552,Vance
553,Parker
554,Bartolomeo
555,Megen
556,Pru
557,Kele
558,Joye
559,Emilia
560,Sidoney
561,Ev
562,Kathye
563,Vassily
564,Dusty
565,Germana
566,Joachim
567,Brandea
568,Byran
569,Burnard
570,Eileen
571,Dyann
572,Erskine
573,Rooney
574,Eleen
575,Nalani
576,Alla
577,Jenelle
578,Tannie
579,Gasparo
580,Even
581,Shaina
582,Dunn
583,Taite
584,Orbadiah
585,Harley
586,Lorain
587,Ethelind
588,Melitta
589,Mamie
590,Cammy
591,Brnaba
592,Pascale
593,Carlynn
594,Son
595,Nerty
596,Caprice
597,Cassondra
598,Mollee
599,Tracy
600,Van
601,Yolande
602,Malanie
603,Mason
604,Genovera
605,Rog
606,Adelina
607,Hermia
608,Ginny
609,Mitchel
610,Richart
611,Jaine
612,Clarita
613,Editha
614,Ebonee
615,Genevieve
616,Tye
617,Shannon
618,Chris
619,Tadeas
620,Antonetta
621,Lotte
622,Wright
623,Carmelia
624,Ardeen
625,Samson
626,Kennie
627,Harwilll
628,Cornelle
629,Deloria
630,Stevie
631,Cheston
632,Yoko
633,Allsun
634,Idell
635,Hattie
636,Thacher
637,Alic
638,Ralina
639,Phillida
640,Delly
641,Mickie
642,Daisy
643,Emmalynn
644,Kissee
645,Orson
646,Diannne
647,Silvester
648,Joshua
649,Chelsea
650,Saudra
651,Maurits
652,Genia
653,Arron
654,Monica
655,Oates
656,Paulie
657,Mylo
658,Deborah
659,Berry
660,Belle
661,Loren
662,Sibby
663,Ferdinande
664,Lola
665,Vasilis
666,Odo
667,Ebenezer
668,Sheena
669,Salli
670,Edvard
671,Hunter
672,Ogden
673,Suzie
674,Shaun
675,Donnell
676,Johannes
677,Goldarina
678,Trenton
679,Gifford
680,Allina
681,Alameda
682,Ardath
683,Sabra
684,Bar
685,Marigold
686,Kane
687,Alice
688,Marsh
689,Aldous
690,Kaja
691,Faydra
692,Care
693,Mycah
694,Jarad
695,Svend
696,Evy
697,Veronike
698,Kendra
699,Claretta
700,Otes
701,Kessia
702,Field
703,Edy
704,Lemuel
705,Mikol
706,Aile
707,Glynn
708,Jenni
709,Derrick
710,Florenza
711,Melantha
712,Wilma
713,Bellanca
714,Wilburt
715,Staford
716,Nessy
717,Madelin
718,Viviyan
719,Dwayne
720,Jasen
721,Olivero
722,Bea
723,Delora
724,Franklyn
725,Audre
726,Harli
727,Mohammed
728,Linoel
729,Jewelle
730,Germaine
731,Waverly
732,Nikkie
733,Beverlie
734,Kalvin
735,Adolph
736,Ravi
737,Klarika
738,Nathalie
739,Port
740,Travus
741,Scotti
742,Yorker
743,Lester
744,Anjanette
745,Leopold
746,Lorant
747,Quintina
748,Briney
749,Clarey
750,Shandy
751,Albrecht
752,Westleigh
753,Charmine
754,Conney
755,Conrade
756,Darin
757,Edwina
758,Bartie
759,Krista
760,Candi
761,Clemens
762,Sidnee
763,Sylas
764,Lara
765,Roderick
766,Melisande
767,Rab
768,Tobiah
769,Francyne
770,Alina
771,Karee
772,Bertine
773,Barry
774,Ethe
775,Ashien
776,Scotti
777,Laurianne
778,Aldus
779,Webb
780,Verna
781,Melodie
782,Mirna
783,Kenton
784,Wilow
785,Hildagarde
786,Marsiella
787,Faunie
788,Jacquetta
789,Dorian
790,Annmarie
791,Justin
792,Megan
793,Cletis
794,Viviyan
795,Reilly
796,Mellisent
797,Elisha
798,Kaspar
799,Fanny
800,Lisabeth
801,Kilian
802,Nil
803,Arabel
804,Kara-lynn
805,Onfre
806,Trumann
807,Dorry
808,Tammie
809,Crista
810,Amaleta
811,Ripley
812,Burnard
813,Linell
814,Grantley
815,Cherianne
816,Xerxes
817,Irene
818,Palmer
819,Saleem
820,Cammy
821,Rivi
822,Gunar
823,Joyce
824,Nikki
825,Rois
826,Conway
827,Adeline
828,Dorice
829,Fletcher
830,Stanislaus
831,Germain
832,Salli
833,Carleton
834,Donnie
835,Zorina
836,Dorrie
837,Norma
838,Deb
839,Jermaine
840,Brander
841,Goldia
842,Margy
843,Nan
844,Ellswerth
845,Hinze
846,Kalie
847,Lisa
848,Myer
849,Padraic
850,Luce
851,Erinna
852,Mathias
853,Shandy
854,Vida
855,Philbert
856,Sibella
857,Katy
858,Eolande
859,Joline
860,Reidar
861,Bryn
862,Katie
863,Helyn
864,Darrick
865,Val
866,Vernor
867,Frances
868,Robby
869,Sophia
870,Preston
871,Berk
872,Todd
873,Ted
874,Ginger
875,Peta
876,Gothart
877,Malena
878,Nicolis
879,Christy
880,Sterling
881,Georgiana
882,Alfie
883,Gui
884,Jerrilyn
885,Ulrick
886,Vance
887,Tedman
888,Tuckie
889,Emily
890,Broddy
891,Melisa
892,Zeke
893,Dora
894,Tillie
895,Alair
896,Doll
897,Cordie
898,Lukas
899,Tiff
900,Joey
901,Titus
902,Lorens
903,Melonie
904,Anjanette
905,Aldo
906,Meredithe
907,Fifine
908,Jeffrey
909,Sauncho
910,Jacenta
911,Reggi
912,Josee
913,Jude
914,Bernelle
915,Olva
916,Melisenda
917,My
918,Errick
919,Larissa
920,Odessa
921,Pauly
922,Meghan
923,Pollyanna
924,Marina
925,Cortie
926,Gertie
927,Kandy
928,Kerstin
929,Foss
930,Tonya
931,Lina
932,Gretal
933,Burnaby
934,Glynn
935,Melinde
936,Forrester
937,Tobin
938,Margarette
939,Abba
940,Fielding
941,Bill
942,Lorenzo
943,Jewel
944,Horst
945,Cheston
946,Minnie
947,Charley
948,Cloris
949,Marsh
950,Marna
951,Florida
952,Padraic
953,Addy
954,Rodi
955,Katerina
956,Axel
957,Willard
958,Spike
959,Gabriel
960,Mireielle
961,Darnall
962,Christina
963,Creigh
964,Violet
965,Aubine
966,Garrott
967,Marthe
968,Rutger
969,Gisele
970,Luise
971,Essie
972,Maximilian
973,Angelica
974,Paulie
975,Agnola
976,Kordula
977,Hugh
978,Nicoline
979,Daffy
980,Emmy
981,Simon
982,Candra
983,Ermanno
984,Anselma
985,Candi
986,Jaquith
987,Luther
988,Boot
989,Rupert
990,Lib
991,Doreen
992,Ayn
993,Kingston
994,Hunter
995,Fonzie
996,Addie
997,Valaria
998,Gunilla
999,Zitella
1000,Jammal
